transaction_id,amount,country,channel,merchant_id,hour_of_day,is_new_device,ip_risk_score,is_fraud
1,75,DE,web,131,4,1,0.716,0
2,620,DE,web,184,0,0,0.357,0
3,525,IT,web,103,15,0,0.852,0
4,353,FR,web,144,16,0,0.241,0
5,349,NO,app,180,18,0,0.538,0
6,687,FR,web,195,22,0,0.184,0
7,73,FR,pos,125,11,0,0.495,0
8,559,IT,web,165,19,0,0.152,0
9,165,DE,app,118,17,0,0.162,0
10,79,IT,web,111,6,0,0.612,0
11,423,SE,app,135,20,0,0.264,0
12,780,DE,app,188,1,1,0.172,0
13,589,SE,web,168,14,0,0.93,0
14,610,SE,pos,148,22,0,0.043,0
15,575,IT,web,128,15,0,0.565,0
16,629,FR,web,114,22,0,0.548,0
17,413,DK,app,127,1,1,0.251,0
18,106,DK,app,115,12,0,0.453,0
19,672,NO,web,118,18,0,0.088,0
20,363,NO,web,168,15,0,0.721,0
21,402,NO,app,113,21,0,0.222,0
22,299,NO,app,104,11,0,0.193,0
23,150,FR,pos,154,16,0,0.315,0
24,741,FR,app,128,10,0,0.902,0
25,626,DE,app,145,20,0,0.796,0
26,516,NO,web,113,2,0,0.947,1
27,324,NO,pos,120,6,0,0.652,0
28,659,SE,web,144,2,1,0.663,0
29,438,IT,app,169,16,0,0.48,0
30,357,DK,web,141,5,0,0.905,0
31,363,DK,app,154,7,0,0.511,0
32,185,SE,app,152,20,0,0.355,0
33,78,DE,app,126,8,0,0.64,0
34,445,SE,pos,127,3,0,0.546,0
35,710,NO,web,142,0,1,0.124,0
36,55,DE,app,103,5,0,0.393,0
37,687,FR,web,168,21,0,0.313,0
38,662,NO,web,161,13,0,0.847,0
39,225,DK,web,130,23,0,0.379,0
40,507,DE,web,137,5,0,0.822,0
41,136,DE,web,132,8,0,0.442,0
42,607,FR,app,165,3,1,0.754,1
43,561,DK,app,175,9,0,0.135,0
44,286,DK,app,110,13,0,0.925,0
45,58,DE,web,141,19,0,0.481,0
46,776,NO,web,101,8,1,0.26,0
47,359,SE,web,145,18,0,0.241,0
48,715,IT,app,124,15,0,0.265,0
49,543,DE,app,133,7,1,0.367,0
50,623,NO,web,145,21,0,0.718,0
51,609,IT,app,132,10,1,0.95,1
52,159,DK,web,139,3,0,0.669,0
53,294,IT,web,176,23,0,0.547,0
54,376,FR,web,181,21,0,0.449,0
55,400,NO,web,100,1,0,0.828,0
56,39,FR,app,137,21,0,0.85,0
57,439,DK,pos,184,22,0,0.293,0
58,127,DE,web,153,19,0,0.953,0
59,595,DK,app,120,6,0,0.395,0
60,548,SE,app,159,15,0,0.8,0
61,738,DE,pos,114,12,0,0.967,0
62,597,DE,app,102,14,0,0.704,0
63,296,NO,web,163,14,0,0.162,0
64,774,DE,app,151,15,1,0.586,0
65,331,DE,web,175,12,0,0.119,0
66,264,DK,pos,134,16,0,0.789,0
67,724,FR,web,185,12,0,0.281,0
68,299,IT,app,142,0,0,0.695,0
69,65,DK,web,173,0,0,0.91,1
70,378,NO,web,110,22,0,0.181,0
71,637,DE,app,109,21,0,0.393,0
72,155,SE,app,178,14,1,0.647,0
73,373,DE,web,183,4,1,0.42,0
74,108,IT,pos,194,18,0,0.175,0
75,550,DK,app,132,3,1,0.029,0
76,383,NO,web,102,9,1,0.407,0
77,267,DE,app,197,7,0,0.649,0
78,185,NO,web,160,0,0,0.574,0
79,453,DK,app,124,19,0,0.156,0
80,537,FR,web,176,12,0,0.451,0
81,752,FR,web,190,7,0,0.369,0
82,352,FR,pos,128,12,0,0.274,0
83,132,FR,pos,176,0,0,0.729,0
84,666,IT,app,178,10,0,0.31,0
85,505,SE,pos,150,12,0,0.54,0
86,561,FR,app,163,8,0,0.923,0
87,82,DE,app,126,19,0,0.539,0
88,253,FR,app,192,5,0,0.617,0
89,615,IT,web,198,3,0,0.073,0
90,666,NO,web,198,12,1,0.178,0
91,350,IT,web,173,21,1,0.101,0
92,644,DK,app,104,9,1,0.765,1
93,674,FR,web,136,1,1,0.836,1
94,313,DK,web,144,23,1,0.186,0
95,718,SE,app,195,10,0,0.219,0
96,234,NO,web,154,4,0,0.323,0
97,195,FR,web,153,14,0,0.591,0
98,547,DE,app,114,7,0,0.622,0
99,511,NO,app,179,22,0,0.687,0
100,116,DK,web,133,7,0,0.905,0
101,667,DK,web,109,13,1,0.295,0
102,163,DK,web,198,13,0,0.659,0
103,644,FR,app,119,5,1,0.56,0
104,10,NO,app,101,11,0,0.306,0
105,638,SE,web,107,2,0,0.907,1
106,630,SE,app,145,15,0,0.095,0
107,625,SE,web,110,18,0,0.712,0
108,533,FR,web,184,22,0,0.728,0
109,379,FR,pos,151,7,0,0.915,0
110,565,NO,web,132,6,1,0.519,0
111,225,IT,web,100,13,0,0.322,0
112,625,SE,web,147,16,0,0.828,0
113,446,SE,app,115,23,0,0.771,0
114,369,SE,pos,197,0,0,0.5,0
115,406,SE,pos,129,5,0,0.768,0
116,457,DK,web,147,6,0,0.268,0
117,34,FR,web,101,6,0,0.59,0
118,116,IT,app,113,11,0,0.865,0
119,200,DE,web,120,20,0,0.318,0
120,96,DK,app,105,0,0,0.484,0
121,354,NO,app,172,19,0,0.951,0
122,536,NO,web,194,14,0,0.798,0
123,525,SE,app,198,14,0,0.887,0
124,379,SE,web,126,16,0,0.385,0
125,684,FR,web,178,2,0,0.997,1
126,454,FR,app,150,17,0,0.153,0
127,67,FR,app,104,5,0,0.519,0
128,613,IT,app,109,12,0,0.479,0
129,461,IT,app,154,16,0,0.798,0
130,509,IT,pos,142,14,1,0.909,1
131,454,DK,pos,100,7,0,0.731,0
132,445,DE,app,193,9,1,0.627,0
133,77,DE,web,173,11,0,0.427,0
134,449,DE,app,150,0,0,0.51,0
135,636,IT,pos,198,17,0,0.509,0
136,246,NO,web,197,2,0,0.02,0
137,484,DE,web,197,11,1,0.503,0
138,29,DK,web,125,15,0,0.856,0
139,281,DE,web,188,1,0,0.709,0
140,352,IT,app,150,23,0,0.796,0
141,786,FR,web,172,9,0,0.39,0
142,175,DK,app,185,0,0,0.529,0
143,224,FR,app,116,15,1,0.033,0
144,329,FR,app,144,13,0,0.383,0
145,794,SE,web,112,15,1,0.474,0
146,683,DK,web,127,18,0,0.255,0
147,32,IT,app,141,11,0,0.031,0
148,190,DE,app,185,19,0,0.69,0
149,658,DE,web,186,8,1,0.435,0
150,51,FR,app,138,13,0,0.416,0
151,685,DK,web,132,3,0,0.25,0
152,228,IT,app,153,14,0,0.538,0
153,734,DK,web,191,6,0,0.438,0
154,238,FR,web,197,16,0,0.474,0
155,350,SE,app,122,19,0,0.581,0
156,531,IT,web,118,20,0,0.006,0
157,105,NO,web,170,22,0,0.908,0
158,447,FR,web,130,2,0,0.071,0
159,406,DK,web,119,3,1,0.451,0
160,628,DK,app,103,22,0,0.207,0
161,796,IT,web,140,9,1,0.524,0
162,533,DK,app,139,0,1,0.28,0
163,330,FR,app,156,6,0,0.86,0
164,328,IT,web,120,20,0,0.396,0
165,337,IT,web,171,8,0,0.639,0
166,652,NO,app,168,1,0,0.249,0
167,260,NO,app,146,17,0,0.019,0
168,137,DK,app,118,4,0,0.404,0
169,270,FR,app,150,8,0,0.536,0
170,23,FR,web,167,0,0,0.46,0
171,89,IT,web,137,14,1,0.962,0
172,76,IT,app,126,10,0,0.707,0
173,618,DK,web,150,20,0,0.996,0
174,579,SE,app,135,8,1,0.295,0
175,558,NO,app,140,4,0,0.789,0
176,372,DK,app,134,3,0,0.556,0
177,575,SE,web,130,4,1,0.612,0
178,133,SE,web,171,10,0,0.986,0
179,720,SE,web,146,2,0,0.654,0
180,403,NO,web,146,9,0,0.899,0
181,750,IT,app,165,20,1,0.726,1
182,126,FR,web,136,18,0,0.127,0
183,400,DE,web,110,15,0,0.699,0
184,558,DK,web,185,21,0,0.484,0
185,399,DK,web,105,18,0,0.919,0
186,359,SE,app,157,15,0,0.807,0
187,137,NO,web,126,20,0,0.104,0
188,307,IT,pos,121,2,1,0.134,0
189,194,IT,web,104,19,0,0.07,0
190,244,NO,app,190,7,0,0.493,0
191,548,DK,web,142,17,0,0.081,0
192,506,SE,web,134,21,0,0.724,0
193,487,SE,app,174,11,0,0.552,0
194,292,DE,pos,103,2,0,0.836,0
195,767,IT,app,156,8,0,0.28,0
196,74,IT,web,149,9,0,0.519,0
197,277,DE,web,155,22,0,0.117,0
198,98,FR,app,112,22,0,0.885,0
199,274,DE,web,195,13,0,0.175,0
200,769,IT,app,123,22,1,0.102,0
201,296,FR,app,167,10,0,0.205,0
202,727,DK,app,174,9,1,0.806,1
203,398,FR,app,134,20,1,0.106,0
204,561,DE,app,113,16,0,0.614,0
205,368,IT,web,129,12,1,0.746,0
206,216,FR,web,180,10,0,0.751,0
207,612,IT,app,190,16,0,0.19,0
208,775,DE,web,193,18,0,0.062,0
209,214,SE,web,122,11,0,0.449,0
210,624,FR,web,160,0,0,0.202,0
211,212,IT,app,115,2,0,0.699,0
212,574,DE,app,171,3,0,0.357,0
213,632,DK,app,141,11,0,0.449,0
214,362,FR,web,171,14,0,0.113,0
215,590,NO,web,168,19,0,0.568,0
216,221,NO,app,199,5,0,0.186,0
217,68,IT,web,148,18,0,0.679,0
218,81,DE,app,134,15,0,0.071,0
219,360,DE,app,152,1,0,0.976,1
220,722,DK,web,116,8,0,0.685,0
221,106,IT,web,111,7,0,0.182,0
222,367,IT,web,151,21,1,0.014,0
223,564,FR,app,182,22,0,0.334,0
224,165,IT,app,153,19,0,0.153,0
225,578,DK,web,178,12,0,0.218,0
226,248,FR,app,117,11,1,0.873,0
227,647,NO,web,144,7,0,0.603,0
228,465,FR,web,161,18,0,0.176,0
229,439,NO,pos,134,2,0,0.557,0
230,145,SE,web,101,6,0,0.256,0
231,373,DE,web,107,3,0,0.976,1
232,686,DE,app,192,11,0,0.033,0
233,20,FR,web,160,7,0,0.732,0
234,608,DE,app,126,4,0,0.773,0
235,396,IT,web,125,9,0,0.067,0
236,576,DK,web,103,20,0,0.172,0
237,532,NO,web,194,13,1,0.384,0
238,348,NO,web,110,19,0,0.868,0
239,250,SE,web,175,21,0,0.537,0
240,503,NO,web,124,21,0,0.655,0
241,116,IT,app,133,8,1,0.783,0
242,469,DE,web,127,21,0,0.828,0
243,80,FR,web,182,21,1,0.476,0
244,521,DK,web,103,23,0,0.509,0
245,504,FR,web,135,8,0,0.718,0
246,72,FR,web,127,5,0,0.263,0
247,607,FR,app,127,14,0,0.854,0
248,335,DK,web,119,22,1,0.021,0
249,630,SE,app,191,21,1,0.196,0
250,38,FR,pos,137,13,0,0.8,0
251,147,SE,web,141,3,1,0.34,0
252,397,DK,web,138,10,0,0.15,0
253,154,NO,web,198,17,0,0.187,0
254,267,DE,app,133,13,0,0.531,0
255,530,IT,web,134,8,0,0.846,0
256,119,NO,app,132,8,1,0.071,0
257,543,SE,app,132,1,0,0.03,0
258,87,IT,app,108,6,0,0.465,0
259,144,IT,app,160,16,0,0.956,0
260,472,DE,pos,102,5,0,0.279,0
261,635,SE,web,122,23,0,0.959,0
262,140,FR,web,120,1,0,0.888,1
263,243,DK,web,129,14,0,0.283,0
264,740,DE,pos,175,11,0,0.817,0
265,791,SE,app,159,19,0,0.686,0
266,466,NO,app,199,21,0,0.512,0
267,360,NO,web,135,13,0,0.423,0
268,280,DK,pos,192,15,0,0.816,0
269,491,FR,web,104,16,1,0.793,0
270,474,NO,web,150,12,0,0.757,0
271,239,DK,pos,179,4,1,0.998,0
272,23,NO,web,153,10,0,0.479,0
273,125,FR,web,193,5,0,0.807,0
274,767,DE,app,131,11,0,0.862,0
275,337,DE,web,103,14,0,0.212,0
276,388,DE,web,177,5,1,0.042,0
277,376,IT,web,106,5,0,0.405,0
278,627,DE,web,176,19,0,0.857,0
279,56,NO,app,173,9,0,0.289,0
280,70,FR,app,184,4,0,0.7,0
281,224,DE,web,147,17,0,0.007,0
282,391,DE,web,189,17,0,0.355,0
283,538,DK,web,116,19,0,0.616,0
284,395,DE,app,143,18,0,0.13,0
285,355,DK,pos,112,23,0,0.897,0
286,750,NO,pos,176,13,0,0.156,0
287,133,FR,web,171,6,0,0.91,0
288,459,SE,web,180,20,0,0.216,0
289,436,NO,web,176,6,0,0.994,0
290,381,IT,app,130,6,0,0.605,0
291,647,SE,web,106,19,0,0.084,0
292,217,FR,app,192,21,0,0.065,0
293,763,DK,app,149,8,0,0.075,0
294,268,NO,web,109,17,0,0.59,0
295,438,FR,web,192,22,0,0.81,0
296,418,IT,web,199,19,1,0.403,0
297,680,SE,web,144,0,0,0.445,0
298,353,DE,web,177,15,0,0.589,0
299,231,IT,app,103,4,0,0.533,0
300,22,NO,web,109,20,0,0.688,0
301,294,DE,web,127,1,1,0.472,0
302,661,DK,app,165,23,0,0.714,0
303,12,DE,app,113,4,0,0.997,0
304,717,FR,web,103,10,1,0.35,0
305,436,IT,app,166,5,0,0.012,0
306,116,DE,pos,177,19,0,0.126,0
307,245,SE,app,173,9,0,0.554,0
308,445,SE,app,179,17,0,0.344,0
309,255,DK,web,180,1,0,0.94,1
310,91,FR,pos,160,10,0,0.627,0
311,534,IT,web,151,21,1,0.52,0
312,539,DK,pos,185,22,1,0.798,1
313,99,DE,app,134,5,0,0.259,0
314,228,FR,web,109,9,0,0.82,0
315,198,FR,web,175,9,0,0.003,0
316,529,SE,app,127,13,0,0.62,0
317,585,DE,app,197,12,0,0.935,0
318,582,IT,web,141,2,0,0.788,0
319,751,DK,app,185,18,0,0.854,0
320,616,DK,app,104,5,0,0.397,0
321,259,NO,web,165,7,0,0.824,0
322,90,SE,web,144,20,0,0.551,0
323,493,IT,web,146,16,0,0.619,0
324,733,FR,app,126,9,1,0.059,0
325,780,FR,web,197,21,0,0.202,0
326,188,SE,app,139,9,1,0.551,0
327,192,DE,web,185,13,0,0.059,0
328,34,NO,app,142,5,1,0.741,0
329,117,DE,web,104,4,0,0.84,0
330,446,DK,web,187,11,0,0.92,0
331,439,DK,app,118,13,1,0.102,0
332,299,DE,web,127,19,0,0.94,0
333,251,DK,app,186,9,0,0.068,0
334,664,DE,pos,189,21,0,0.474,0
335,370,IT,pos,191,14,0,0.84,0
336,647,FR,app,142,1,0,0.07,0
337,770,IT,web,175,17,0,0.018,0
338,257,SE,app,132,13,1,0.025,0
339,166,DE,app,174,9,0,0.511,0
340,762,DK,web,150,11,0,0.812,0
341,509,IT,web,105,7,0,0.127,0
342,236,NO,app,141,14,1,0.125,0
343,499,NO,web,146,13,0,0.569,0
344,414,IT,app,125,10,0,0.234,0
345,724,SE,pos,137,6,0,0.73,0
346,208,FR,app,150,9,0,0.95,0
347,793,FR,web,104,11,0,0.766,0
348,749,DE,web,115,11,0,0.877,0
349,148,DE,web,176,7,0,0.52,0
350,135,IT,web,135,13,0,0.832,0
351,428,NO,app,160,5,0,0.183,0
352,40,DK,app,156,12,0,0.068,0
353,242,DK,web,155,2,0,0.656,0
354,350,FR,web,141,11,0,0.052,0
355,775,SE,app,148,18,0,0.892,0
356,793,DK,web,182,19,0,0.692,0
357,125,DK,app,196,16,0,0.952,0
358,713,NO,web,125,17,0,0.314,0
359,77,NO,app,166,1,0,0.486,0
360,600,DK,web,196,8,0,0.742,0
361,677,NO,app,100,15,0,0.243,0
362,713,NO,web,178,19,0,0.542,0
363,182,DK,app,149,13,0,0.659,0
364,715,SE,web,196,20,0,0.979,0
365,97,IT,web,157,6,0,0.745,0
366,417,NO,app,183,3,0,0.118,0
367,378,SE,web,116,2,0,0.475,0
368,256,DK,web,114,13,0,0.589,0
369,22,FR,web,192,15,0,0.147,0
370,618,IT,web,152,6,0,0.432,0
371,271,FR,web,155,18,1,0.284,0
372,531,DK,pos,116,17,0,0.119,0
373,331,DK,web,122,8,1,0.512,0
374,302,DK,app,181,5,0,0.166,0
375,709,FR,pos,130,17,0,0.591,0
376,80,FR,web,158,16,0,0.17,0
377,590,FR,app,131,4,0,0.724,0
378,598,DE,app,126,6,1,0.195,0
379,307,IT,app,116,11,0,0.896,0
380,213,IT,web,192,12,1,0.026,0
381,9,FR,web,194,3,0,0.522,0
382,749,SE,web,111,22,1,0.32,0
383,758,DK,app,135,9,1,0.225,0
384,196,FR,pos,156,9,0,0.472,0
385,30,DK,pos,138,1,0,0.842,0
386,102,SE,web,172,21,0,0.915,0
387,58,IT,app,126,5,0,0.303,0
388,665,SE,web,105,23,1,0.154,0
389,714,FR,pos,133,11,0,0.72,0
390,126,FR,web,159,20,0,0.582,0
391,598,SE,pos,118,4,0,0.201,0
392,147,IT,app,181,3,0,0.76,0
393,296,FR,web,101,19,1,0.519,0
394,481,DE,web,106,19,0,0.653,0
395,577,SE,app,150,13,0,0.359,0
396,700,IT,web,151,0,1,0.439,0
397,40,IT,app,129,22,0,0.18,0
398,161,IT,pos,125,9,0,0.757,0
399,228,NO,app,106,22,0,0.157,0
400,251,SE,web,166,20,0,0.778,0
401,798,FR,web,137,20,0,0.798,0
402,623,SE,web,111,16,1,0.747,1
403,259,SE,pos,139,16,0,0.019,0
404,777,SE,web,193,12,1,0.273,0
405,401,SE,web,126,0,1,0.468,0
406,403,NO,web,189,9,1,0.596,0
407,349,DK,pos,125,17,0,0.919,0
408,119,FR,web,118,19,0,0.376,0
409,747,NO,app,126,13,0,0.875,0
410,16,SE,app,132,17,0,0.163,0
411,143,NO,app,112,0,0,0.371,0
412,187,IT,pos,158,11,0,0.052,0
413,227,SE,app,133,12,0,0.742,0
414,109,DE,pos,171,21,0,0.151,0
415,19,IT,web,149,7,0,0.257,0
416,543,DE,app,144,5,0,0.775,0
417,775,IT,app,147,8,0,0.535,0
418,101,DK,app,115,4,0,0.014,0
419,240,FR,app,171,13,0,0.002,0
420,407,DK,pos,110,15,1,0.511,0
421,742,FR,app,172,19,1,0.305,0
422,556,FR,web,199,23,0,0.18,0
423,614,IT,web,176,1,0,0.614,0
424,466,DE,web,145,5,0,0.228,0
425,336,SE,web,131,7,0,0.592,0
426,163,DE,web,187,5,0,0.379,0
427,692,DE,web,125,19,0,0.187,0
428,644,FR,web,148,3,1,0.138,0
429,24,SE,app,177,0,1,0.237,0
430,573,DE,web,192,20,1,0.03,0
431,72,DK,pos,192,23,0,0.308,0
432,592,SE,app,108,5,0,0.902,0
433,661,SE,web,189,7,1,0.831,1
434,109,IT,web,111,12,0,0.372,0
435,349,SE,web,158,12,0,0.576,0
436,103,NO,pos,192,23,0,0.567,0
437,455,DK,web,165,9,0,0.829,0
438,742,IT,app,194,0,0,0.236,0
439,69,SE,pos,134,10,0,0.296,0
440,321,FR,pos,131,13,0,0.302,0
441,778,DE,web,132,12,0,0.041,0
442,244,IT,web,135,12,0,0.315,0
443,110,FR,web,168,22,0,0.878,0
444,393,DK,web,145,19,0,0.912,0
445,409,NO,web,173,6,1,0.11,0
446,531,NO,app,141,8,0,0.458,0
447,254,FR,pos,130,16,0,0.381,0
448,764,FR,app,119,9,0,0.489,0
449,419,DE,app,155,10,0,0.555,0
450,232,NO,web,189,4,1,0.02,0
451,768,SE,app,185,6,0,0.842,0
452,740,NO,app,125,17,0,0.974,0
453,401,NO,app,147,20,0,0.653,0
454,24,SE,pos,170,18,0,0.66,0
455,479,IT,web,161,7,1,0.528,0
456,446,NO,web,106,3,0,0.334,0
457,122,FR,web,159,3,1,0.149,0
458,509,DK,web,103,9,1,0.584,0
459,673,SE,pos,111,12,0,0.045,0
460,89,IT,web,165,21,0,0.825,0
461,580,DE,app,110,21,0,0.421,0
462,116,SE,app,133,0,0,0.415,0
463,600,NO,web,158,16,0,0.327,0
464,338,NO,web,165,7,0,0.969,0
465,10,FR,app,144,4,0,0.175,0
466,773,NO,app,109,13,0,0.151,0
467,136,IT,web,179,0,0,0.166,0
468,478,DK,web,194,8,0,0.659,0
469,149,DE,app,188,13,0,0.992,0
470,746,NO,web,174,6,1,0.235,0
471,591,FR,pos,140,14,0,0.906,0
472,644,DE,web,187,11,0,0.279,0
473,348,DK,web,148,19,0,0.648,0
474,376,SE,web,113,4,0,0.04,0
475,509,FR,app,185,1,0,0.496,0
476,628,SE,app,132,12,0,0.655,0
477,678,DK,web,193,6,1,0.536,0
478,19,DK,pos,136,16,1,0.238,0
479,532,SE,web,186,2,1,0.828,1
480,91,DK,web,153,13,0,0.97,0
481,233,NO,web,146,23,0,0.459,0
482,664,NO,web,129,2,0,0.636,0
483,204,SE,app,183,7,1,0.79,0
484,638,NO,web,106,20,0,0.241,0
485,373,DK,app,146,12,0,0.864,0
486,189,FR,web,136,4,0,0.28,0
487,270,NO,pos,154,5,0,0.776,0
488,426,NO,web,125,18,0,0.112,0
489,613,NO,app,166,20,0,0.288,0
490,486,IT,web,138,8,0,0.534,0
491,746,SE,web,118,11,0,0.525,0
492,694,DK,app,119,18,0,0.85,0
493,603,NO,app,169,4,1,0.996,1
494,484,SE,app,126,4,0,0.107,0
495,235,DK,web,130,18,0,0.271,0
496,332,DK,app,162,4,1,0.358,0
497,99,IT,app,132,18,0,0.479,0
498,302,DE,app,138,11,0,0.494,0
499,741,DK,web,124,23,0,0.856,0
500,343,FR,app,134,0,1,0.771,0
501,95,IT,app,169,22,0,0.019,0
502,523,SE,pos,153,5,0,0.455,0
503,770,SE,web,199,0,0,0.618,0
504,694,SE,web,177,17,0,0.46,0
505,222,IT,app,101,12,0,0.131,0
506,365,SE,app,137,20,0,0.397,0
507,427,FR,app,128,2,0,0.412,0
508,202,DK,web,158,1,1,0.188,0
509,218,FR,web,126,13,0,0.756,0
510,193,DE,app,196,21,0,0.321,0
511,795,DK,web,129,9,1,0.589,0
512,598,SE,web,152,19,0,0.516,0
513,673,DE,app,112,21,1,0.877,1
514,654,SE,app,190,20,1,0.122,0
515,767,SE,app,191,12,1,0.114,0
516,88,FR,web,179,16,0,0.3,0
517,705,DK,web,135,12,0,0.431,0
518,57,NO,pos,105,16,0,0.299,0
519,382,DK,web,171,13,0,0.763,0
520,477,DK,web,142,12,0,0.245,0
521,289,FR,web,199,10,0,0.085,0
522,121,DE,app,169,15,1,0.414,0
523,157,SE,app,153,18,0,0.773,0
524,660,NO,app,198,22,0,0.851,0
525,258,IT,app,180,14,0,0.733,0
526,251,NO,web,145,2,0,0.558,0
527,739,SE,web,101,14,0,0.724,0
528,119,NO,web,109,7,0,0.681,0
529,732,NO,web,144,0,1,0.234,0
530,737,FR,web,156,1,0,0.551,0
531,480,NO,web,103,14,0,0.771,0
532,136,NO,web,112,22,0,0.317,0
533,128,FR,app,170,12,0,0.654,0
534,231,SE,app,175,10,0,0.481,0
535,464,DE,web,102,2,0,0.503,0
536,127,NO,web,150,16,0,0.09,0
537,367,NO,app,108,1,0,0.666,0
538,96,NO,app,172,20,0,0.866,0
539,434,DE,app,183,19,0,0.141,0
540,21,IT,web,186,23,0,0.366,0
541,568,DK,app,159,6,1,0.049,0
542,49,SE,web,162,3,0,0.03,0
543,159,NO,web,192,7,1,0.99,0
544,143,IT,web,161,19,0,0.493,0
545,665,SE,web,144,5,0,0.356,0
546,47,IT,web,175,21,0,0.275,0
547,346,DE,web,159,3,0,0.98,1
548,474,FR,app,184,1,1,0.252,0
549,415,DK,web,152,5,0,0.726,0
550,546,NO,web,186,18,1,0.284,0
551,643,SE,web,104,14,1,0.07,0
552,317,FR,web,103,8,0,0.683,0
553,663,IT,web,109,15,0,0.002,0
554,257,IT,web,155,15,0,0.676,0
555,787,DK,web,170,13,0,0.25,0
556,406,NO,app,121,12,0,0.746,0
557,590,FR,pos,115,2,0,0.77,0
558,700,DE,web,186,6,1,0.724,1
559,635,FR,app,175,12,0,0.024,0
560,681,FR,app,164,3,0,0.704,0
561,431,SE,pos,148,11,0,0.99,0
562,39,SE,app,142,2,0,0.243,0
563,397,SE,app,102,18,1,0.274,0
564,149,FR,pos,118,2,0,0.814,0
565,711,IT,app,189,2,1,0.16,0
566,193,DK,web,133,15,1,0.661,0
567,186,FR,web,170,5,1,0.755,0
568,203,IT,web,170,8,0,0.037,0
569,515,FR,web,130,7,1,0.554,0
570,459,FR,web,120,5,0,0.576,0
571,759,NO,web,169,18,0,0.303,0
572,335,DK,app,109,16,0,0.876,0
573,229,DE,app,149,5,0,0.163,0
574,44,DE,app,188,16,0,0.364,0
575,10,NO,web,171,17,0,0.849,0
576,302,SE,web,176,12,0,0.191,0
577,741,IT,app,108,13,1,0.821,1
578,421,DE,app,119,22,0,0.079,0
579,715,NO,pos,127,10,0,0.489,0
580,85,IT,app,129,9,0,0.075,0
581,79,SE,app,119,12,0,0.678,0
582,667,SE,web,197,20,0,0.791,0
583,89,IT,web,116,17,0,0.85,0
584,46,DK,web,170,1,0,0.981,1
585,326,IT,app,158,11,1,0.672,0
586,740,SE,pos,161,17,1,0.769,1
587,553,DE,web,121,5,0,0.506,0
588,83,NO,app,130,23,0,0.913,0
589,670,FR,web,160,19,0,0.644,0
590,675,NO,web,129,20,0,0.884,0
591,641,DE,web,169,1,1,0.235,0
592,722,DK,web,103,13,0,0.497,0
593,195,DK,pos,107,12,1,0.73,0
594,783,NO,web,172,15,0,0.203,0
595,259,DE,app,161,20,0,0.211,0
596,642,NO,app,104,8,1,0.978,1
597,465,IT,web,189,12,1,0.435,0
598,624,DE,web,100,16,1,0.182,0
599,504,FR,app,195,18,1,0.331,0
600,515,DE,web,172,18,0,0.397,0
601,494,SE,pos,198,8,0,0.623,0
602,624,DE,web,194,23,0,0.923,0
603,592,DE,app,131,0,0,0.987,1
604,111,SE,app,175,11,0,0.652,0
605,661,NO,web,121,14,1,0.7,0
606,431,FR,web,147,1,0,0.322,0
607,261,NO,pos,124,10,0,0.857,0
608,413,IT,web,148,14,0,0.218,0
609,773,SE,web,187,14,0,0.106,0
610,686,NO,web,143,2,0,0.973,1
611,667,DE,web,109,6,0,0.864,0
612,372,NO,app,132,5,0,0.304,0
613,628,DE,app,178,15,0,0.675,0
614,311,DE,web,152,7,1,0.467,0
615,550,NO,app,156,13,0,0.323,0
616,513,SE,web,143,17,0,0.287,0
617,203,DE,web,129,19,0,0.136,0
618,216,IT,app,159,4,0,0.549,0
619,53,NO,pos,163,21,0,0.447,0
620,116,FR,web,189,3,1,0.512,0
621,349,SE,web,161,0,0,0.215,0
622,384,NO,app,199,1,0,0.939,1
623,136,FR,app,182,4,0,0.639,0
624,336,NO,web,107,20,1,0.9,0
625,485,IT,web,139,4,0,0.109,0
626,189,FR,app,138,16,0,0.623,0
627,273,IT,web,100,10,1,0.849,0
628,297,IT,web,118,0,0,0.331,0
629,406,DK,web,176,10,0,0.195,0
630,296,NO,web,135,0,0,0.265,0
631,590,IT,web,114,11,0,0.273,0
632,265,FR,app,128,13,1,0.447,0
633,349,NO,app,127,12,0,0.326,0
634,306,FR,app,117,6,0,0.271,0
635,150,DK,pos,110,18,0,0.649,0
636,550,IT,web,176,14,0,0.053,0
637,192,NO,web,182,6,1,0.34,0
638,241,IT,pos,149,10,0,0.69,0
639,635,SE,web,161,2,1,0.176,0
640,759,SE,app,191,22,0,0.221,0
641,538,DE,app,184,18,0,0.201,0
642,733,NO,web,103,6,0,0.001,0
643,684,DK,web,195,16,1,0.474,0
644,387,IT,web,106,16,0,0.039,0
645,617,NO,web,102,14,0,0.273,0
646,266,SE,web,140,1,0,0.995,1
647,371,DK,web,174,21,0,0.918,0
648,430,IT,app,108,22,0,0.215,0
649,768,FR,pos,129,23,0,0.31,0
650,679,FR,app,126,23,1,0.464,0
651,393,SE,web,139,22,0,0.844,0
652,523,NO,web,198,17,0,0.803,0
653,165,NO,web,133,1,0,0.126,0
654,644,IT,web,120,11,0,0.124,0
655,444,NO,pos,112,5,0,0.417,0
656,428,SE,web,119,5,0,0.87,0
657,614,FR,web,113,19,0,0.882,0
658,508,FR,app,157,19,0,0.107,0
659,62,FR,web,142,12,1,0.574,0
660,234,SE,web,149,17,0,0.156,0
661,145,IT,web,183,3,0,0.686,0
662,589,IT,app,158,5,1,0.916,1
663,32,SE,app,115,20,1,0.455,0
664,165,IT,web,137,10,0,0.083,0
665,479,IT,pos,131,13,0,0.579,0
666,557,DK,app,182,11,0,0.409,0
667,405,DE,app,130,4,0,0.811,0
668,689,DE,web,113,19,0,0.34,0
669,735,IT,web,173,18,0,0.875,0
670,110,DE,app,142,16,0,0.274,0
671,762,DE,web,109,8,0,0.158,0
672,493,IT,app,168,15,0,0.306,0
673,510,SE,app,121,22,0,0.035,0
674,80,DE,web,186,15,0,0.281,0
675,499,DE,app,183,11,0,0.66,0
676,581,FR,pos,136,6,1,0.142,0
677,466,NO,app,155,12,0,0.111,0
678,72,DK,web,156,8,0,0.132,0
679,420,FR,app,165,14,0,0.078,0
680,749,IT,app,106,1,0,0.875,1
681,580,FR,app,132,4,0,0.944,0
682,114,NO,app,117,18,0,0.047,0
683,768,NO,app,169,9,0,0.76,0
684,767,DE,web,106,10,0,0.737,0
685,139,DK,web,151,13,0,0.997,0
686,641,IT,web,172,10,0,0.348,0
687,328,DK,app,194,18,0,0.286,0
688,476,DK,app,128,5,1,0.453,0
689,358,FR,app,100,18,0,0.857,0
690,627,NO,web,172,5,0,0.729,0
691,797,DE,app,100,8,0,0.472,0
692,637,FR,pos,106,14,0,0.245,0
693,745,IT,web,199,21,0,0.727,0
694,757,DK,app,186,5,0,0.855,0
695,76,NO,app,170,14,0,0.4,0
696,206,DE,app,183,1,0,0.669,0
697,578,DK,web,107,1,0,0.4,0
698,474,NO,app,108,18,0,0.478,0
699,44,DK,pos,130,17,0,0.525,0
700,80,FR,app,102,9,0,0.776,0
701,418,SE,pos,188,14,1,0.978,0
702,494,SE,pos,105,9,0,0.444,0
703,138,DE,web,154,6,0,0.342,0
704,141,SE,app,185,10,0,0.374,0
705,107,FR,web,173,7,0,0.134,0
706,454,FR,pos,123,19,0,0.297,0
707,11,FR,web,147,9,0,0.086,0
708,460,FR,web,154,7,0,0.428,0
709,383,SE,app,176,12,0,0.167,0
710,375,SE,web,142,18,0,0.346,0
711,545,DK,app,128,6,1,0.794,1
712,420,DK,web,179,22,0,0.246,0
713,583,FR,pos,188,11,1,0.612,0
714,612,DE,app,148,15,0,0.901,0
715,736,IT,web,102,22,1,0.567,0
716,640,FR,app,150,10,1,0.194,0
717,416,IT,web,188,4,0,0.345,0
718,396,DK,app,198,17,1,0.59,0
719,192,DK,app,140,0,1,0.507,0
720,481,IT,app,115,10,0,0.149,0
721,115,NO,web,157,23,0,0.447,0
722,745,DE,web,183,9,0,0.543,0
723,676,IT,app,194,16,1,0.267,0
724,100,DE,app,105,12,0,0.612,0
725,629,IT,web,129,5,1,0.07,0
726,98,DE,web,147,7,0,0.337,0
727,578,FR,web,109,12,1,0.804,1
728,74,IT,app,188,2,0,0.259,0
729,393,DK,web,111,9,0,0.605,0
730,528,NO,web,166,9,0,0.41,0
731,584,DE,pos,191,20,1,0.316,0
732,337,FR,web,168,2,1,0.916,1
733,737,DE,app,176,20,0,0.343,0
734,620,FR,web,126,9,0,0.237,0
735,170,FR,app,182,15,0,0.909,0
736,538,DE,app,141,13,1,0.746,1
737,585,IT,app,106,7,0,0.682,0
738,270,NO,web,136,22,0,0.05,0
739,591,NO,app,134,5,0,0.131,0
740,719,SE,app,152,0,0,0.638,0
741,654,DK,web,126,18,0,0.209,0
742,611,DE,web,146,14,0,0.226,0
743,509,DK,web,142,21,1,0.779,1
744,220,NO,pos,132,10,0,0.286,0
745,637,SE,app,169,0,0,0.072,0
746,294,FR,app,130,0,0,0.036,0
747,428,FR,app,176,10,0,0.443,0
748,254,DK,app,125,5,1,0.617,0
749,253,DE,web,186,22,0,0.869,0
750,130,DE,web,136,2,0,0.111,0
751,769,FR,app,104,21,0,0.197,0
752,122,FR,web,114,5,0,0.53,0
753,73,IT,app,180,2,0,0.364,0
754,749,DK,app,187,6,0,0.483,0
755,446,IT,web,121,3,0,0.924,1
756,353,SE,app,160,9,0,0.545,0
757,591,DK,web,157,7,0,0.415,0
758,309,IT,pos,113,12,0,0.989,0
759,106,IT,pos,145,12,1,0.065,0
760,585,IT,pos,169,0,0,0.932,1
761,144,DK,web,196,2,1,0.502,0
762,444,DK,web,184,3,0,0.504,0
763,759,NO,web,109,4,0,0.922,0
764,749,IT,web,123,2,0,0.507,0
765,291,IT,web,143,7,0,0.438,0
766,625,FR,web,115,13,0,0.272,0
767,492,IT,pos,157,7,0,0.659,0
768,386,DK,web,100,7,0,0.57,0
769,116,NO,web,111,11,0,0.214,0
770,304,SE,app,104,13,0,0.709,0
771,523,DK,app,129,7,1,0.644,0
772,789,DK,app,176,5,1,0.397,0
773,8,DK,app,117,9,0,0.004,0
774,575,DK,app,198,0,1,0.447,0
775,677,DE,app,126,11,0,0.006,0
776,761,NO,app,104,22,0,0.075,0
777,341,SE,app,133,9,0,0.431,0
778,99,NO,web,174,2,0,0.082,0
779,220,SE,web,110,16,0,0.276,0
780,681,DE,web,107,3,1,0.655,0
781,702,NO,web,184,4,0,0.309,0
782,511,DK,app,159,3,1,0.998,1
783,102,NO,web,134,21,1,0.916,0
784,101,FR,web,175,23,0,0.585,0
785,385,DE,web,184,13,0,0.967,0
786,472,SE,app,135,14,1,0.868,0
787,30,SE,web,156,15,1,0.319,0
788,550,NO,app,101,14,0,0.75,0
789,437,DK,app,130,13,0,0.137,0
790,14,DE,web,159,23,0,0.685,0
791,81,IT,app,119,17,0,0.491,0
792,366,FR,web,199,2,0,0.017,0
793,579,DK,web,197,9,0,0.274,0
794,661,SE,app,125,23,0,0.955,0
795,347,DK,pos,139,9,0,0.316,0
796,239,SE,web,118,4,0,0.181,0
797,774,FR,app,150,20,0,0.188,0
798,369,SE,web,112,14,0,0.479,0
799,255,DK,app,139,13,0,0.843,0
800,356,IT,app,155,10,0,0.758,0
801,14,NO,app,161,2,0,0.437,0
802,245,DK,app,159,9,0,0.209,0
803,414,DK,web,122,10,0,0.046,0
804,735,SE,app,179,22,0,0.463,0
805,591,NO,app,169,7,0,0.815,0
806,626,NO,app,175,3,0,0.73,0
807,438,NO,web,146,10,0,0.409,0
808,92,DK,web,189,23,0,0.595,0
809,315,NO,web,138,11,1,0.436,0
810,797,FR,web,180,9,0,0.579,0
811,40,SE,web,120,16,0,0.518,0
812,703,IT,web,124,15,0,0.681,0
813,549,DE,app,152,7,0,0.508,0
814,230,DK,web,155,23,0,0.941,0
815,623,FR,app,174,14,0,0.428,0
816,670,NO,app,129,1,0,0.016,0
817,39,SE,app,187,9,0,0.236,0
818,89,SE,web,132,22,0,0.501,0
819,534,NO,web,153,9,0,0.541,0
820,799,SE,app,193,13,1,0.552,0
821,24,SE,pos,153,14,0,0.715,0
822,534,DE,web,168,16,0,0.275,0
823,113,SE,app,190,20,0,0.665,0
824,521,FR,app,197,3,0,0.704,0
825,500,DE,app,149,12,0,0.411,0
826,76,FR,web,141,12,0,0.402,0
827,546,NO,app,119,3,0,0.179,0
828,718,FR,web,153,16,0,0.414,0
829,691,IT,pos,191,2,1,0.787,1
830,28,FR,web,148,10,0,0.909,0
831,200,DK,web,134,7,0,0.594,0
832,196,FR,pos,110,3,0,0.299,0
833,365,IT,web,138,19,0,0.682,0
834,118,NO,web,123,5,0,0.74,0
835,684,DK,web,197,6,0,0.332,0
836,622,NO,web,152,20,0,0.827,0
837,647,FR,web,113,21,0,0.074,0
838,162,SE,web,106,0,0,0.011,0
839,16,SE,app,185,6,0,0.123,0
840,728,IT,app,193,17,0,0.156,0
841,234,DK,web,176,18,0,0.879,0
842,526,NO,app,112,23,0,0.425,0
843,728,DE,web,109,13,0,0.275,0
844,33,FR,pos,119,0,0,0.429,0
845,9,DE,web,175,20,1,0.395,0
846,9,IT,app,176,3,0,0.301,0
847,129,DK,web,183,2,0,0.138,0
848,46,IT,app,109,16,0,0.656,0
849,656,IT,web,115,14,0,0.137,0
850,486,NO,app,190,1,0,0.775,0
851,784,NO,web,192,4,0,0.202,0
852,642,SE,pos,172,14,0,0.731,0
853,770,DK,app,110,6,0,0.806,0
854,194,NO,app,106,16,0,0.125,0
855,233,NO,app,105,9,0,0.087,0
856,680,FR,pos,169,14,0,0.95,0
857,199,DK,web,184,11,1,0.463,0
858,50,IT,web,163,8,0,0.63,0
859,536,IT,web,126,8,0,0.023,0
860,641,DE,web,175,16,0,0.279,0
861,774,DE,app,105,12,0,0.505,0
862,742,SE,pos,182,14,0,0.886,0
863,100,FR,pos,189,13,0,0.271,0
864,618,DK,app,171,4,0,0.775,0
865,677,FR,app,187,21,1,0.662,0
866,560,DK,app,158,13,0,0.115,0
867,656,NO,pos,146,17,0,0.293,0
868,671,DE,web,132,21,0,0.238,0
869,360,NO,app,192,22,0,0.443,0
870,36,DE,app,169,16,0,0.635,0
871,367,NO,web,119,18,0,0.433,0
872,165,SE,web,195,11,0,0.245,0
873,95,IT,pos,105,17,0,0.696,0
874,104,FR,pos,158,7,0,0.584,0
875,559,DK,pos,119,17,1,0.519,0
876,406,NO,app,166,2,0,0.554,0
877,434,SE,web,141,21,0,0.222,0
878,597,FR,web,143,5,1,0.68,0
879,440,DE,app,167,15,0,0.388,0
880,505,NO,app,175,0,0,0.363,0
881,73,DK,app,138,3,0,0.15,0
882,681,SE,app,199,23,1,0.597,0
883,361,SE,web,149,20,0,0.603,0
884,128,FR,app,116,5,0,0.34,0
885,651,IT,web,100,3,1,0.86,1
886,589,SE,web,120,19,0,0.845,0
887,47,IT,web,169,23,1,0.109,0
888,158,DK,web,153,4,1,0.695,0
889,17,NO,app,133,15,1,0.394,0
890,220,DK,web,148,6,0,1.0,0
891,84,SE,web,183,17,0,0.225,0
892,569,SE,app,157,10,0,0.281,0
893,420,FR,app,105,3,0,0.442,0
894,784,DE,web,104,7,0,0.269,0
895,600,NO,web,148,12,1,0.692,0
896,491,FR,web,140,19,0,0.481,0
897,409,IT,app,185,0,0,0.221,0
898,48,FR,web,158,22,0,0.506,0
899,60,DE,web,175,15,0,0.889,0
900,494,DK,web,158,21,0,0.792,0
901,8,IT,app,134,22,0,0.499,0
902,38,IT,web,165,3,1,0.288,0
903,179,DE,app,162,2,0,0.18,0
904,707,SE,web,172,18,0,0.878,0
905,369,SE,app,118,4,0,0.71,0
906,569,SE,web,164,3,0,0.572,0
907,332,SE,web,128,11,1,0.879,0
908,142,NO,web,179,21,1,0.122,0
909,300,NO,app,179,19,0,0.682,0
910,77,FR,app,162,12,1,0.217,0
911,617,NO,web,194,4,0,0.121,0
912,150,FR,web,153,8,0,0.466,0
913,304,NO,pos,102,16,1,0.387,0
914,784,DE,app,160,3,0,0.941,1
915,475,SE,web,177,12,0,0.324,0
916,369,IT,web,110,0,0,0.815,0
917,436,SE,app,110,7,0,0.749,0
918,628,DK,app,127,5,0,0.668,0
919,207,DK,app,184,16,0,0.92,0
920,510,IT,pos,152,21,0,0.408,0
921,698,DK,web,197,3,0,0.39,0
922,460,IT,web,187,19,1,0.161,0
923,359,DE,web,155,15,0,0.276,0
924,120,DK,web,167,23,1,0.88,0
925,202,DK,web,133,21,0,0.474,0
926,757,NO,web,109,2,0,0.341,0
927,435,DK,web,139,17,0,0.216,0
928,244,NO,app,159,14,1,0.485,0
929,337,SE,web,118,2,0,0.717,0
930,464,FR,web,122,6,1,0.287,0
931,432,NO,app,101,22,0,0.758,0
932,561,DK,app,173,13,0,0.63,0
933,209,FR,app,189,8,0,0.788,0
934,521,FR,app,182,7,0,0.251,0
935,356,NO,app,137,20,0,0.631,0
936,752,NO,web,159,6,0,0.154,0
937,130,DK,web,196,3,0,0.364,0
938,123,IT,app,159,13,0,0.724,0
939,372,FR,web,129,23,0,0.632,0
940,409,SE,web,133,4,0,0.188,0
941,554,NO,web,172,6,0,0.858,0
942,326,SE,web,144,11,0,0.053,0
943,731,FR,web,183,4,0,0.595,0
944,381,NO,web,186,15,0,0.984,0
945,107,DK,app,103,6,0,0.532,0
946,99,NO,pos,172,3,1,0.801,0
947,778,NO,web,136,6,0,0.595,0
948,111,FR,pos,151,22,0,0.783,0
949,758,NO,web,126,22,1,0.656,0
950,226,SE,pos,136,12,0,0.691,0
951,79,FR,pos,133,9,0,0.228,0
952,247,IT,web,105,19,1,0.742,0
953,493,NO,app,178,4,1,0.238,0
954,345,DK,pos,114,15,0,0.981,0
955,629,FR,pos,137,16,0,0.228,0
956,490,DK,pos,119,17,0,0.237,0
957,323,IT,app,116,5,1,0.859,0
958,509,IT,web,137,17,1,0.243,0
959,777,IT,app,191,14,0,0.361,0
960,332,SE,app,194,21,0,0.715,0
961,126,FR,app,138,4,0,0.159,0
962,329,FR,web,150,14,0,0.159,0
963,672,NO,app,198,19,0,0.486,0
964,178,DE,web,123,6,0,0.244,0
965,759,DE,app,194,17,0,0.236,0
966,472,DE,web,110,2,0,0.009,0
967,483,DK,app,122,17,0,0.37,0
968,257,DK,app,133,14,0,0.318,0
969,736,FR,web,103,4,0,0.031,0
970,33,NO,app,181,1,0,0.621,0
971,242,DE,web,185,17,1,0.627,0
972,337,FR,pos,138,5,0,0.071,0
973,384,DE,app,183,11,0,0.317,0
974,381,DK,web,177,1,0,0.873,1
975,122,IT,web,180,23,0,0.582,0
976,184,NO,web,180,13,0,0.412,0
977,80,FR,web,157,22,0,0.465,0
978,460,DK,pos,111,3,0,0.208,0
979,283,NO,app,192,4,0,0.812,0
980,454,DE,web,160,14,0,0.914,0
981,473,IT,app,190,14,0,0.911,0
982,563,IT,web,195,18,0,0.224,0
983,439,NO,app,118,22,0,0.311,0
984,520,DE,web,140,19,0,0.161,0
985,471,IT,app,119,3,0,0.307,0
986,523,DE,pos,105,7,0,0.333,0
987,495,DE,web,196,21,0,0.633,0
988,256,SE,app,192,13,0,0.19,0
989,200,SE,pos,193,20,1,0.919,0
990,631,FR,web,188,13,1,0.103,0
991,277,IT,web,164,1,1,0.007,0
992,441,DK,app,152,11,0,0.855,0
993,161,SE,web,199,19,0,0.704,0
994,347,IT,web,155,15,0,0.355,0
995,426,DE,web,164,3,0,0.595,0
996,502,NO,app,121,5,0,0.224,0
997,423,IT,web,174,20,0,0.168,0
998,291,FR,web,181,23,0,0.471,0
999,769,SE,app,167,18,0,0.353,0
1000,412,SE,app,149,2,0,0.615,0
